{
  "train_loss": [
    6.84597061920166
  ],
  "val_loss": [
    6.843544025421142
  ],
  "train_acc": [
    9.1
  ],
  "val_acc": [
    8.0
  ],
  "learning_rates": [
    2.3119880829222544e-07,
    4.395147432707422e-07,
    7.694979650201845e-07,
    1.1966751275561885e-06,
    1.689364454938944e-06,
    2.2110254336601693e-06,
    2.7229688553682952e-06,
    3.187226218460547e-06,
    3.5693656781524883e-06,
    3.841045698890472e-06,
    3.982117016389757e-06,
    3.999805048798419e-06,
    3.9982456672150785e-06,
    3.9951281200072485e-06,
    3.990454838144465e-06,
    3.984229465711348e-06,
    3.976456857066056e-06,
    3.9671430730550076e-06,
    3.956295376286808e-06,
    3.94392222546909e-06,
    3.930033268812669e-06,
    3.914639336508156e-06,
    3.897752432280902e-06,
    3.879385724030853e-06,
    3.859553533564618e-06,
    3.838271325427757e-06,
    3.815555694845991e-06,
    3.7914243547847467e-06,
    3.765896122137114e-06,
    3.7389909030510048e-06,
    3.710729677406935e-06,
    3.681134482458543e-06,
    3.6502283956486066e-06,
    3.6180355166139426e-06,
    3.584580948393237e-06,
    3.5498907778524523e-06,
    3.51399205534307e-06,
    3.4769127736090457e-06,
    3.4386818459589018e-06,
    3.3993290837200093e-06,
    3.3588851729926016e-06,
    3.317381650721682e-06,
    3.274850880105464e-06,
    3.2313260253595165e-06,
    3.1868410258563124e-06,
    3.1414305696603244e-06,
    3.0951300664793146e-06,
    3.047975620052913e-06,
    3.0000040000000023e-06,
    2.95125261314688e-06,
    2.901759474358538e-06,
    2.8515631768958146e-06,
    2.800702862321532e-06,
    2.749218189979079e-06,
    2.697149306067254e-06,
    2.6445368123354623e-06,
    2.591421734423695e-06,
    2.537845489871968e-06,
    2.4838498558241723e-06,
    2.429476936451511e-06,
    2.3747691301209344e-06,
    2.31976909633417e-06,
    2.2645197224631244e-06,
    2.2090640903076023e-06,
    2.1534454425014137e-06,
    2.09770714879307e-06,
    2.0418926722273563e-06,
    1.9860455352541605e-06,
    1.9302092857909736e-06,
    1.8744274632655308e-06,
    1.818743564665083e-06,
    1.7632010106187457e-06,
    1.7078431115394067e-06,
    1.6527130338515618e-06,
    1.5978537663314414e-06,
    1.5433080865856505e-06,
    1.4891185276944838e-06,
    1.4353273450459027e-06,
    1.3819764833860613e-06,
    1.329107544112049e-06,
    1.2767617528323773e-06,
    1.2249799272204865e-06,
    1.1738024451863561e-06,
    1.12326921339102e-06,
    1.0734196361285587e-06,
    1.024292584599808e-06,
    9.759263666017769e-07,
    9.283586966563667e-07,
    8.816266666017351e-07,
    8.357667166691832e-07,
    7.908146070681698e-07,
    7.468053901015711e-07,
    7.037733828329473e-07,
    6.617521403271355e-07,
    6.207744294850107e-07,
    5.808722034928513e-07,
    5.420765769061972e-07,
    5.044178013876609e-07,
    4.679252421175895e-07,
    4.3262735489597945e-07,
    3.9855166395350115e-07,
    3.6572474048893e-07,
    3.3417218194972707e-07,
    3.0391859207191756e-07,
    2.749875616948389e-07,
    2.4740165036571384e-07,
    2.2118236874839142e-07,
    1.96350161849984e-07,
    1.729243930784593e-07,
    1.5092332914364295e-07,
    1.3036412581338238e-07,
    1.1126281453599998e-07,
    9.363428993944858e-08,
    7.749229821692978e-08,
    6.284942640802692e-08,
    4.9717092583707944e-08,
    3.810553694285975e-08,
    2.8023813827286842e-08,
    1.9479784661409224e-08,
    1.2480111822160555e-08,
    7.03025344386526e-09,
    3.134459162151414e-09,
    7.957668002116189e-10,
    1.600000000000001e-11,
    7.957668002116189e-10
  ]
}